{
  "name": "Post",
  "base": "PersistedModel",
  "properties": {
    "title": {
      "type": "string",
      "required": true,
      "index": true
    },
    "content": {
      "type": "string",
      "required": true
    },
    "publishDate": {
      "type": "date",
      "required": true
    },
    "lastModifyDate": {
      "type": "date",
      "required": true
    },
    "author": {
      "type": "string"
    },
    "picture": {
      "type": "string"
    },
    "audio": {
      "type": "string"
    },
    "video": {
      "type": "string"
    },
    "tags": {
      "type": "string"
    },
    "id": {
      "type": "number",
      "id": true
    },
    "categoryId": {
      "type": "object",
      "id": false,
      "required": true
    }
  },
  "validations": [],
  "relations": {},
  "acls": [],
  "methods": []
}
