{
  "_meta": {
    "sources": [
      "../common/models",
      "./models"
    ]
  },
  "User": {
    "dataSource": "db"
  },
  "AccessToken": {
    "dataSource": "db",
    "public": false
  },
  "ACL": {
    "dataSource": "db",
    "public": false
  },
  "RoleMapping": {
    "dataSource": "db",
    "public": false
  },
  "Role": {
    "dataSource": "db",
    "public": false
  },
  "Person": {
    "dataSource": "db",
    "public": true
  },
  "Category": {
    "dataSource": "db",
    "public": true
  },
  "Post": {
    "dataSource": "db",
    "public": true
  }
}
